python-mqtt_data,1,2021-03-27 19:55:09.182870,E0N4NXHP
python-mqtt_data,2,2021-03-27 19:55:10.200155,P92QAGYE
python-mqtt_data,3,2021-03-27 19:55:11.215195,KLVXSMIK
python-mqtt_data,4,2021-03-27 19:55:12.232904,TFE7P3AT
python-mqtt_data,1,2021-03-27 19:58:07.119006,BW5DC3P1
python-mqtt_data,2,2021-03-27 19:58:08.135679,J3563KBF
python-mqtt_data,3,2021-03-27 19:58:09.157055,6IVBOV5K
python-mqtt_data,4,2021-03-27 19:58:10.185431,HZPSYJJF
python-mqtt_data,5,2021-03-27 19:58:11.203659,3GDF1M5U
python-mqtt_data,6,2021-03-27 19:58:12.238270,R4HRDG3V
python-mqtt_data,7,2021-03-27 19:58:13.254475,IZ26EOSK
python-mqtt_data,8,2021-03-27 19:58:14.270501,8N1TD0O3
python-mqtt_data,9,2021-03-27 19:58:15.291099,UJ0A4C4P
python-mqtt_data,10,2021-03-27 19:58:16.303841,FE3ZGBHN
python-mqtt_data,11,2021-03-27 19:58:17.320302,Z2B6C2M0
python-mqtt_data,12,2021-03-27 19:58:18.333961,8UNY9KYG
python-mqtt_data,13,2021-03-27 19:58:19.350646,246Y0TOJ
python-mqtt_data,14,2021-03-27 19:58:20.367122,5VCDB90H
python-mqtt_data,15,2021-03-27 19:58:21.383670,W24952AH
python-mqtt_data,16,2021-03-27 19:58:22.410924,81XF9O8P
python-mqtt_data,17,2021-03-27 19:58:23.429310,019H3LM6
python-mqtt_data,18,2021-03-27 19:58:24.441855,FZAZ85HO
python-mqtt_data,19,2021-03-27 19:58:25.462749,4NMNR9WV
python-mqtt_data,20,2021-03-27 19:58:26.481871,XJTDBWVK
python-mqtt_data,21,2021-03-27 19:58:27.498666,JNW2E7FG
python-mqtt_data,22,2021-03-27 19:58:28.514669,1WYO0P2X
python-mqtt_data,23,2021-03-27 19:58:29.534502,0NYJ6UQ8
python-mqtt_data,24,2021-03-27 19:58:30.547938,VE39G6IV
python-mqtt_data,25,2021-03-27 19:58:31.570331,MTFE4FQ1
python-mqtt_data,26,2021-03-27 19:58:32.588421,HGOX81D2
python-mqtt_data,27,2021-03-27 19:58:33.609650,T6MUBBUX
python-mqtt_data,28,2021-03-27 19:58:34.621310,4VR1B1IB
python-mqtt_data,29,2021-03-27 19:58:35.641248,9QI3IIG7
python-mqtt_data,30,2021-03-27 19:58:36.658476,8GWO83T0
python-mqtt_data,31,2021-03-27 19:58:38.687444,CXPCY2ZK
python-mqtt_data,32,2021-03-27 19:58:40.706892,C3STIIQC
python-mqtt_data,1,2021-03-27 20:36:17.523054,J618TY0I
python-mqtt_data,2,2021-03-27 20:36:19.642726,1LW32662
python-mqtt_data,3,2021-03-27 20:36:20.660335,OBMKFZF2
python-mqtt_data,4,2021-03-27 20:36:21.687978,V2MEHKE5
python-mqtt_data,5,2021-03-27 20:36:23.721453,L9Q4QQK6
python-mqtt_data,6,2021-03-27 20:36:25.776516,5M0CGJLZ
python-mqtt_data,7,2021-03-27 20:36:27.833369,MQ31AD68
python-mqtt_data,8,2021-03-27 20:36:28.860205,RYGH4564
python-mqtt_data,9,2021-03-27 20:36:32.919029,6YSSNU6P
python-mqtt_data,10,2021-03-27 20:36:33.936563,L572R0KP
python-mqtt_data,11,2021-03-27 20:36:34.954601,B83D4LQ8
python-mqtt_data,12,2021-03-27 20:36:35.974750,ZMP296DR
python-mqtt_data,13,2021-03-27 20:36:38.020247,DWKTDBAI
python-mqtt_data,14,2021-03-27 20:36:40.071579,P0GKRZ3T
python-mqtt_data,15,2021-03-27 20:36:41.093786,AFQK9KK6
python-mqtt_data,16,2021-03-27 20:36:42.115238,MRYWQ54Q
python-mqtt_data,17,2021-03-27 20:36:43.133961,H4E9W3TG
python-mqtt_data,18,2021-03-27 20:36:45.210898,XCS51X2Z
python-mqtt_data,19,2021-03-27 20:36:46.234511,TZEVNB3R
python-mqtt_data,20,2021-03-27 20:36:48.264115,EHXRDBR5
python-mqtt_data,21,2021-03-27 20:36:50.314224,KVO87AYD
python-mqtt_data,22,2021-03-27 20:36:58.547406,LO9INXKL
python-mqtt_data,23,2021-03-27 20:36:59.570546,28SYUFLX
python-mqtt_data,24,2021-03-27 20:37:00.592331,2RDC8CR0
python-mqtt_data,25,2021-03-27 20:37:01.611060,I4UXDWVO
python-mqtt_data,26,2021-03-27 20:37:02.633465,NQLJL4FZ
python-mqtt_data,27,2021-03-27 20:37:03.651844,5X40D5SV
python-mqtt_data,28,2021-03-27 20:37:04.669957,4OD5MR22
python-mqtt_data,29,2021-03-27 20:37:05.692960,D8VR7VU1
python-mqtt_data,30,2021-03-27 20:37:06.709943,7HHO9BCI
python-mqtt_data,31,2021-03-27 20:37:07.729851,BXS77OPZ
python-mqtt_data,32,2021-03-27 20:37:09.768871,WOWZRF1F
python-mqtt_data,33,2021-03-27 20:37:10.786618,TB08TFQ4
python-mqtt_data,34,2021-03-27 20:37:11.824148,DST81QCI
python-mqtt_data,35,2021-03-27 20:37:12.854104,8SD6SPER
python-mqtt_data,36,2021-03-27 20:37:13.879432,7L51X22L
python-mqtt_data,37,2021-03-27 20:37:14.901344,15Q9J8DQ
python-mqtt_data,38,2021-03-27 20:37:15.921040,OL0PRBPZ
python-mqtt_data,39,2021-03-27 20:37:17.961393,IH9MELRN
python-mqtt_data,40,2021-03-27 20:37:20.005757,5ZGHFAG6
python-mqtt_data,41,2021-03-27 20:37:21.024922,HWZAPXMW
python-mqtt_data,42,2021-03-27 20:37:23.083847,LYF5M2IQ
python-mqtt_data,43,2021-03-27 20:37:31.305583,ZN8HM945
python-mqtt_data,44,2021-03-27 20:37:33.352906,BTSCDUT0
python-mqtt_data,45,2021-03-27 20:37:35.403542,H4KX1GYG
python-mqtt_data,46,2021-03-27 20:37:39.465107,5C916JIW
python-mqtt_data,47,2021-03-27 20:37:41.514433,351XZGKA
python-mqtt_data,48,2021-03-27 20:37:42.535987,RX08PCID
python-mqtt_data,49,2021-03-27 20:37:43.558703,8ZHEH9KE
python-mqtt_data,50,2021-03-27 20:37:44.580781,QY0CSU4P
python-mqtt_data,51,2021-03-27 20:37:45.602045,U4FD7D00
python-mqtt_data,52,2021-03-27 20:37:47.630668,X7XQBKHA
python-mqtt_data,53,2021-03-27 20:37:48.652265,6S3FFGRA
python-mqtt_data,54,2021-03-27 20:37:49.670275,2POG63I9
python-mqtt_data,55,2021-03-27 20:37:50.692343,VZQMP3IZ
python-mqtt_data,56,2021-03-27 20:37:51.708451,CIDED4N6
python-mqtt_data,57,2021-03-27 20:37:53.738492,6IWWVFX4
python-mqtt_data,58,2021-03-27 20:37:54.761772,Y0UN330J
python-mqtt_data,59,2021-03-27 20:37:55.779806,49S245XM
python-mqtt_data,60,2021-03-27 20:37:56.796082,G9SFX2W5
python-mqtt_data,61,2021-03-27 20:37:57.816086,Z2OKYNML
python-mqtt_data,62,2021-03-27 20:37:58.836707,WMPHMBQH
python-mqtt_data,63,2021-03-27 20:37:59.858121,K7QHL176
python-mqtt_data,64,2021-03-27 20:38:00.873384,WTZMKD43
python-mqtt_data,65,2021-03-27 20:38:01.894255,N2WZFQ5I
python-mqtt_data,66,2021-03-27 20:38:02.911874,GVMCAAZZ
python-mqtt_data,67,2021-03-27 20:38:03.934967,NGZAKCX5
python-mqtt_data,68,2021-03-27 20:38:04.951770,E5L08CU0
python-mqtt_data,69,2021-03-27 20:38:06.980143,PILHBPB6
python-mqtt_data,70,2021-03-27 20:38:11.011562,FK7R036L
python-mqtt_data,71,2021-03-27 20:38:12.025988,ELZ1V2L7
python-mqtt_data,72,2021-03-27 20:38:14.057486,S743ZX6J
python-mqtt_data,73,2021-03-27 20:38:18.119681,DHH36Y2Q
python-mqtt_data,74,2021-03-27 20:38:20.173597,RBPVTHQ0
python-mqtt_data,75,2021-03-27 20:38:21.193911,KM8PN16B
python-mqtt_data,76,2021-03-27 20:38:23.239409,YRNSPUJF
python-mqtt_data,77,2021-03-27 20:38:25.289516,DDE759J8
python-mqtt_data,78,2021-03-27 20:38:27.336573,T3I9J9OB
python-mqtt_data,79,2021-03-27 20:38:28.627882,8EW91QYS
python-mqtt_data,80,2021-03-27 20:38:29.646673,1H8UB6XO
python-mqtt_data,81,2021-03-27 20:38:30.668035,H92MU7LT
python-mqtt_data,82,2021-03-27 20:38:31.735862,SGI3YQ6Z
python-mqtt_data,83,2021-03-27 20:38:32.758940,M60A7UK8
python-mqtt_data,84,2021-03-27 20:38:33.780179,4HOYDMOH
python-mqtt_data,85,2021-03-27 20:38:34.801243,YGWY8P7Z
python-mqtt_data,86,2021-03-27 20:38:35.824626,LZQ49066
python-mqtt_data,87,2021-03-27 20:38:36.852970,S0A623R3
python-mqtt_data,88,2021-03-27 20:38:37.875747,BL2ZSJ6U
python-mqtt_data,89,2021-03-27 20:38:38.896765,ZFNFMY0K
python-mqtt_data,90,2021-03-27 20:38:39.913885,FNCO1K3N
python-mqtt_data,91,2021-03-27 20:38:43.981531,QQDTQ3B2
python-mqtt_data,92,2021-03-27 20:38:45.005287,128BE3WW
python-mqtt_data,93,2021-03-27 20:38:47.047710,6L2RXMH9
python-mqtt_data,94,2021-03-27 20:38:48.068261,BR93TXT8
python-mqtt_data,95,2021-03-27 20:38:49.091266,ZUJ1NRGL
python-mqtt_data,96,2021-03-27 20:38:50.107908,QZOF2AKQ
python-mqtt_data,97,2021-03-27 20:38:51.131084,XSJKUO4J
python-mqtt_data,98,2021-03-27 20:38:52.152634,EEUDSNH8
python-mqtt_data,99,2021-03-27 20:38:53.266641,CE9XLGR1
python-mqtt_data,100,2021-03-27 20:38:54.297151,NE82RK6M
python-mqtt_data,101,2021-03-27 20:38:56.023724,LIC0ZX5A
python-mqtt_data,102,2021-03-27 20:38:57.043568,DH54CGUV
python-mqtt_data,103,2021-03-27 20:38:58.064292,USWX1HY2
python-mqtt_data,104,2021-03-27 20:38:59.085449,PR3JXZVI
python-mqtt_data,105,2021-03-27 20:39:00.105399,AIA8RH66
python-mqtt_data,106,2021-03-27 20:39:01.123525,D9KSOBG2
python-mqtt_data,107,2021-03-27 20:39:02.155839,RI3UZSO7
python-mqtt_data,108,2021-03-27 20:39:04.205643,C12L0GK6
python-mqtt_data,109,2021-03-27 20:39:05.289856,H8P3L6XF
python-mqtt_data,110,2021-03-27 20:39:06.310532,6NM81HLT
python-mqtt_data,111,2021-03-27 20:39:07.327699,ZTK1QXFQ
python-mqtt_data,112,2021-03-27 20:39:08.349576,HXFRZ8SZ
python-mqtt_data,113,2021-03-27 20:39:09.369843,B6C80F4X
python-mqtt_data,114,2021-03-27 20:39:10.389391,68A4LS0T
python-mqtt_data,115,2021-03-27 20:39:11.412933,IJBW5D7P
python-mqtt_data,116,2021-03-27 20:39:13.451088,47HD7CMR
python-mqtt_data,117,2021-03-27 20:39:15.500830,35VPPK34
python-mqtt_data,118,2021-03-27 20:39:16.538954,GKIWSOSX
python-mqtt_data,119,2021-03-27 20:39:17.561095,X8N5NUP3
python-mqtt_data,120,2021-03-27 20:39:18.580250,MLVQYIPT
python-mqtt_data,121,2021-03-27 20:39:19.599733,8S0JT1DZ
python-mqtt_data,122,2021-03-27 20:39:20.617599,6JSU85NK
python-mqtt_data,123,2021-03-27 20:39:21.635525,LWE0H0S9
python-mqtt_data,124,2021-03-27 20:39:22.655762,JE8LFMMQ
python-mqtt_data,125,2021-03-27 20:39:23.678999,02IY3WW5
python-mqtt_data,126,2021-03-27 20:39:24.699412,7AULVQWE
python-mqtt_data,127,2021-03-27 20:39:26.727993,GN45WMQ0
python-mqtt_data,128,2021-03-27 20:39:28.779925,VQPKC40N
python-mqtt_data,129,2021-03-27 20:39:29.801790,B85RPE8W
python-mqtt_data,130,2021-03-27 20:39:30.837772,W6ABABOV
python-mqtt_data,131,2021-03-27 20:39:31.857825,ADL5IIVF
python-mqtt_data,132,2021-03-27 20:39:32.878806,ZLGL4RXF
python-mqtt_data,133,2021-03-27 20:39:33.900254,SY5EO5K9
python-mqtt_data,134,2021-03-27 20:39:34.921606,TQRNTTP6
python-mqtt_data,135,2021-03-27 20:39:35.942617,CLUUHMCJ
python-mqtt_data,136,2021-03-27 20:39:37.992402,TRGVI5S6
python-mqtt_data,137,2021-03-27 20:39:39.018340,P4JK93ZF
python-mqtt_data,138,2021-03-27 20:39:40.036189,38PQ1VEO
python-mqtt_data,139,2021-03-27 20:39:41.069154,73U7I37L
python-mqtt_data,140,2021-03-27 20:39:42.089751,D8HGV4PC
python-mqtt_data,141,2021-03-27 20:39:43.113950,ZRTBLZMN
python-mqtt_data,142,2021-03-27 20:39:44.153363,KRPDNAJN
python-mqtt_data,143,2021-03-27 20:39:45.187053,FOIEJ5FI
python-mqtt_data,144,2021-03-27 20:39:46.213913,FCL2L4BS
python-mqtt_data,145,2021-03-27 20:39:47.242449,UL7Z8X17
python-mqtt_data,146,2021-03-27 20:39:48.258106,S9S9Y84L
python-mqtt_data,147,2021-03-27 20:39:49.271681,UE67MKJM
python-mqtt_data,148,2021-03-27 20:39:50.293463,8RH5ZH41
python-mqtt_data,149,2021-03-27 20:39:51.312152,FCUZFMCR
python-mqtt_data,150,2021-03-27 20:39:52.332818,BLI63MDJ
python-mqtt_data,151,2021-03-27 20:39:54.376244,4JD8TI0B
python-mqtt_data,152,2021-03-27 20:39:56.433838,PH70CCBE
python-mqtt_data,153,2021-03-27 20:39:57.451749,H0UA0HM8
python-mqtt_data,154,2021-03-27 20:39:58.473565,69QNLHOD
python-mqtt_data,155,2021-03-27 20:40:00.525925,7IKKV8KQ
python-mqtt_data,156,2021-03-27 20:40:01.544959,V832ZKQP
python-mqtt_data,157,2021-03-27 20:40:02.565637,HK7MDAHU
python-mqtt_data,158,2021-03-27 20:40:04.615772,HB0KJ5Y1
python-mqtt_data,159,2021-03-27 20:40:05.635987,CT4O9NN4
python-mqtt_data,160,2021-03-27 20:40:06.659594,4MFI38C0
python-mqtt_data,161,2021-03-27 20:40:14.890995,WUZLDU24
python-mqtt_data,162,2021-03-27 20:40:15.928315,RVS2O4LG
python-mqtt_data,163,2021-03-27 20:40:16.950097,G64HG5RL
python-mqtt_data,164,2021-03-27 20:40:18.986430,NIA2EF81
python-mqtt_data,165,2021-03-27 20:40:20.005078,4NWLN3MU
python-mqtt_data,166,2021-03-27 20:40:28.201667,WI32HDGS
python-mqtt_data,167,2021-03-27 20:40:29.225175,68LTD0QC
python-mqtt_data,168,2021-03-27 20:40:30.247226,AWT30UBJ
python-mqtt_data,169,2021-03-27 20:40:31.268244,E1XG6EVF
python-mqtt_data,170,2021-03-27 20:40:32.288629,RZ5XUCO3
python-mqtt_data,171,2021-03-27 20:40:33.310153,KXUZB29U
python-mqtt_data,172,2021-03-27 20:40:35.335296,17G23C8I
python-mqtt_data,173,2021-03-27 20:40:37.389739,5XJQESRJ
python-mqtt_data,174,2021-03-27 20:40:38.411091,U08UPW3V
python-mqtt_data,175,2021-03-27 20:40:40.455084,2INPIX9F
python-mqtt_data,176,2021-03-27 20:40:41.479698,W57ETEDT
python-mqtt_data,177,2021-03-27 20:40:42.496971,YQZ2DKW6
python-mqtt_data,178,2021-03-27 20:40:43.520694,YGNLJ0ZM
python-mqtt_data,179,2021-03-27 20:40:44.542528,RR10XS3X
python-mqtt_data,180,2021-03-27 20:40:45.568652,2J3AJ5AO
python-mqtt_data,181,2021-03-27 20:40:46.591564,R8WP4P7F
python-mqtt_data,182,2021-03-27 20:40:48.617203,9T5ZQ9AB
python-mqtt_data,183,2021-03-27 20:40:49.643916,UE0YPTEC
python-mqtt_data,184,2021-03-27 20:40:50.663594,1K7BVRVN
python-mqtt_data,185,2021-03-27 20:40:51.681015,IGC9ECKE
python-mqtt_data,186,2021-03-27 20:40:52.703885,FVXMWBZO
python-mqtt_data,1,2021-03-28 10:32:16.021820,3PCRO8GU
